{"_wandb": {"runtime": 6}, "total_loss": 0.46077612042427063, "_timestamp": 1718065793.7297366, "rgb_loss": 0.46077612042427063, "_runtime": 3.2388834953308105, "_step": 0}