{"_wandb": {"runtime": 11}, "total_loss": 0.629285454750061, "_timestamp": 1718027077.5688384, "rgb_loss": 0.629285454750061, "_runtime": 2.6465003490448, "_step": 0}